name,points,name_team,number,avatar,nation
Max Verstappen,110,Red Bull Racing,https://media.formula1.com/d_default_fallback_image.png/content/dam/fom-website/2018-redesign-assets/drivers/number-logos/MAXVER01.png,https://media.formula1.com/d_driver_fallback_image.png/content/dam/fom-website/drivers/M/MAXVER01_Max_Verstappen/maxver01.png,https://media.formula1.com/d_default_fallback_image.png/content/dam/fom-website/flags/Netherlands.jpg
Sergio Perez,85,Red Bull Racing,https://media.formula1.com/d_default_fallback_image.png/content/dam/fom-website/2018-redesign-assets/drivers/number-logos/SERPER01.png,https://media.formula1.com/d_driver_fallback_image.png/content/dam/fom-website/drivers/S/SERPER01_Sergio_Perez/serper01.png,https://media.formula1.com/d_default_fallback_image.png/content/dam/fom-website/flags/Mexico.jpg
Charles Leclerc,76,Ferrari,https://media.formula1.com/d_default_fallback_image.png/content/dam/fom-website/2018-redesign-assets/drivers/number-logos/CHALEC01.png,https://media.formula1.com/d_driver_fallback_image.png/content/dam/fom-website/drivers/C/CHALEC01_Charles_Leclerc/chalec01.png,https://media.formula1.com/d_default_fallback_image.png/content/dam/fom-website/flags/Monaco.jpg
Carlos Sainz,69,Ferrari,https://media.formula1.com/d_default_fallback_image.png/content/dam/fom-website/2018-redesign-assets/drivers/number-logos/CARSAI01.png,https://media.formula1.com/d_driver_fallback_image.png/content/dam/fom-website/drivers/C/CARSAI01_Carlos_Sainz/carsai01.png,https://media.formula1.com/d_default_fallback_image.png/content/dam/fom-website/flags/Spain.jpg
Lando Norris,58,McLaren,https://media.formula1.com/d_default_fallback_image.png/content/dam/fom-website/2018-redesign-assets/drivers/number-logos/LANNOR01.png,https://media.formula1.com/d_driver_fallback_image.png/content/dam/fom-website/drivers/L/LANNOR01_Lando_Norris/lannor01.png,https://media.formula1.com/d_default_fallback_image.png/content/dam/fom-website/flags/United%20Kingdom.jpg
Oscar Piastri,38,McLaren,https://media.formula1.com/d_default_fallback_image.png/content/dam/fom-website/2018-redesign-assets/drivers/number-logos/OSCPIA01.png,https://media.formula1.com/d_driver_fallback_image.png/content/dam/fom-website/drivers/O/OSCPIA01_Oscar_Piastri/oscpia01.png,https://media.formula1.com/d_default_fallback_image.png/content/dam/fom-website/flags/Australia.jpg
George Russell,33,Mercedes,https://media.formula1.com/d_default_fallback_image.png/content/dam/fom-website/2018-redesign-assets/drivers/number-logos/GEORUS01.png,https://media.formula1.com/d_driver_fallback_image.png/content/dam/fom-website/drivers/G/GEORUS01_George_Russell/georus01.png,https://media.formula1.com/d_default_fallback_image.png/content/dam/fom-website/flags/United%20Kingdom.jpg
Fernando Alonso,31,Aston Martin,https://media.formula1.com/d_default_fallback_image.png/content/dam/fom-website/2018-redesign-assets/drivers/number-logos/FERALO01.png,https://media.formula1.com/d_driver_fallback_image.png/content/dam/fom-website/drivers/F/FERALO01_Fernando_Alonso/feralo01.png,https://media.formula1.com/d_default_fallback_image.png/content/dam/fom-website/flags/Spain.jpg
Lewis Hamilton,19,Mercedes,https://media.formula1.com/d_default_fallback_image.png/content/dam/fom-website/2018-redesign-assets/drivers/number-logos/LEWHAM01.png,https://media.formula1.com/d_driver_fallback_image.png/content/dam/fom-website/drivers/L/LEWHAM01_Lewis_Hamilton/lewham01.png,https://media.formula1.com/d_default_fallback_image.png/content/dam/fom-website/flags/United%20Kingdom.jpg
Lance Stroll,9,Aston Martin,https://media.formula1.com/d_default_fallback_image.png/content/dam/fom-website/2018-redesign-assets/drivers/number-logos/LANSTR01.png,https://media.formula1.com/d_driver_fallback_image.png/content/dam/fom-website/drivers/L/LANSTR01_Lance_Stroll/lanstr01.png,https://media.formula1.com/d_default_fallback_image.png/content/dam/fom-website/flags/Canada.jpg
Yuki Tsunoda,7,RB,https://media.formula1.com/d_default_fallback_image.png/content/dam/fom-website/2018-redesign-assets/drivers/number-logos/YUKTSU01.png,https://media.formula1.com/d_driver_fallback_image.png/content/dam/fom-website/drivers/Y/YUKTSU01_Yuki_Tsunoda/yuktsu01.png,https://media.formula1.com/d_default_fallback_image.png/content/dam/fom-website/flags/Japan.jpg
Oliver Bearman,6,Ferrari,https://media.formula1.com/d_default_fallback_image.png/content/dam/fom-website/2018-redesign-assets/drivers/number-logos/OLIBEA01.png,https://media.formula1.com/d_driver_fallback_image.png/content/dam/fom-website/drivers/O/OLIBEA01_Oliver_Bearman/olibea01.png,https://media.formula1.com/d_default_fallback_image.png/content/dam/fom-website/flags/United%20Kingdom.jpg
Nico Hulkenberg,4,Haas,https://media.formula1.com/d_default_fallback_image.png/content/dam/fom-website/2018-redesign-assets/drivers/number-logos/NICHUL01.png,https://media.formula1.com/d_driver_fallback_image.png/content/dam/fom-website/drivers/N/NICHUL01_Nico_Hulkenberg/nichul01.png,https://media.formula1.com/d_default_fallback_image.png/content/dam/fom-website/flags/Germany.jpg
Kevin Magnussen,1,Haas,https://media.formula1.com/d_default_fallback_image.png/content/dam/fom-website/2018-redesign-assets/drivers/number-logos/KEVMAG01.png,https://media.formula1.com/d_driver_fallback_image.png/content/dam/fom-website/drivers/K/KEVMAG01_Kevin_Magnussen/kevmag01.png,https://media.formula1.com/d_default_fallback_image.png/content/dam/fom-website/flags/Denmark.jpg
Alexander Albon,0,Williams,https://media.formula1.com/d_default_fallback_image.png/content/dam/fom-website/2018-redesign-assets/drivers/number-logos/ALEALB01.png,https://media.formula1.com/d_driver_fallback_image.png/content/dam/fom-website/drivers/A/ALEALB01_Alexander_Albon/alealb01.png,https://media.formula1.com/d_default_fallback_image.png/content/dam/fom-website/flags/Thailand.jpg
Esteban Ocon,0,Alpine,https://media.formula1.com/d_default_fallback_image.png/content/dam/fom-website/2018-redesign-assets/drivers/number-logos/ESTOCO01.png,https://media.formula1.com/d_driver_fallback_image.png/content/dam/fom-website/drivers/E/ESTOCO01_Esteban_Ocon/estoco01.png,https://media.formula1.com/d_default_fallback_image.png/content/dam/fom-website/flags/France.jpg
Zhou Guanyu,0,Kick Sauber,https://media.formula1.com/d_default_fallback_image.png/content/dam/fom-website/2018-redesign-assets/drivers/number-logos/GUAZHO01.png,https://media.formula1.com/d_driver_fallback_image.png/content/dam/fom-website/drivers/G/GUAZHO01_Guanyu_Zhou/guazho01.png,https://media.formula1.com/d_default_fallback_image.png/content/dam/fom-website/flags/China.jpg
Daniel Ricciardo,0,RB,https://media.formula1.com/d_default_fallback_image.png/content/dam/fom-website/2018-redesign-assets/drivers/number-logos/DANRIC01.png,https://media.formula1.com/d_driver_fallback_image.png/content/dam/fom-website/drivers/D/DANRIC01_Daniel_Ricciardo/danric01.png,https://media.formula1.com/d_default_fallback_image.png/content/dam/fom-website/flags/Australia.jpg
Pierre Gasly,0,Alpine,https://media.formula1.com/d_default_fallback_image.png/content/dam/fom-website/2018-redesign-assets/drivers/number-logos/PIEGAS01.png,https://media.formula1.com/d_driver_fallback_image.png/content/dam/fom-website/drivers/P/PIEGAS01_Pierre_Gasly/piegas01.png,https://media.formula1.com/d_default_fallback_image.png/content/dam/fom-website/flags/France.jpg
Valtteri Bottas,0,Kick Sauber,https://media.formula1.com/d_default_fallback_image.png/content/dam/fom-website/2018-redesign-assets/drivers/number-logos/VALBOT01.png,https://media.formula1.com/d_driver_fallback_image.png/content/dam/fom-website/drivers/V/VALBOT01_Valtteri_Bottas/valbot01.png,https://media.formula1.com/d_default_fallback_image.png/content/dam/fom-website/flags/Finland.jpg
Logan Sargeant,0,Williams,https://media.formula1.com/d_default_fallback_image.png/content/dam/fom-website/2018-redesign-assets/drivers/number-logos/LOGSAR01.png,https://media.formula1.com/d_driver_fallback_image.png/content/dam/fom-website/drivers/L/LOGSAR01_Logan_Sargeant/logsar01.png,https://media.formula1.com/d_default_fallback_image.png/content/dam/fom-website/flags/United%20States.jpg
